dataset,beta,gamma,delta,accuracy,fitness_norm,spearman_corr
breast_cancer,0.5,0.75,0.05,0.956080304671854,0.48189137153569445,0.1209434347881912
digits,0.75,0.25,0.05,0.9410092386373009,0.7845301783264746,0.2728745674572367
pima,0.5,0.5,0.05,0.7261284722222222,0.6131031706369038,0.009396479192946847
wine,0.75,0.75,0.05,0.9681818181818181,0.7060013717421124,0.11416445282854253
