Dataset,nTrees,BaggingF1,SAF1,BaggingF1STD,SAF1STD
digits,10,0.9282711582599857,0.9325594275572449,0.015719611805196283,0.020535136631626816
digits,20,0.9376515645411359,0.9504438226252033,0.012300555879953512,0.01448632587936204
digits,30,0.938886486182584,0.953570144680466,0.011990928739026959,0.011982333362274713
digits,40,0.938176499227772,0.9531743506753309,0.011100204882976968,0.010508023832088202
digits,50,0.9417148521322151,0.9575476281592404,0.012287214679992749,0.009775312915099305
