Dataset,nTrees,BaggingAccuracy,SAAccuracy,BaggingAccuracySTD,SAAccuracySTD
digits,10,0.9284311358712474,0.9327613741875581,0.015843632086564505,0.020515235874037644
digits,20,0.9377765397709688,0.9505756731662024,0.012198648984862063,0.014433998514852492
digits,30,0.9389990714948933,0.9536898792943361,0.011940355140470352,0.012035010670396126
digits,40,0.93818039912263,0.9539037584271931,0.010147645219696758,0.010779076154073383
