Dataset,nTrees,BaggingPrecision,SAPrecision,BaggingPrecisionSTD,SAPrecisionSTD
digits,10,0.9305117006685033,0.9346569827564184,0.01524146492688391,0.019663788003406638
digits,20,0.9398000262871932,0.9522166644889648,0.011534516446641354,0.013881979318504092
digits,30,0.9408985700728033,0.9549294825206932,0.011618465419227163,0.011595805930463473
digits,40,0.9400886993928456,0.9542905972581355,0.010991049376556962,0.010119061095066825
digits,50,0.9438791436515744,0.9589893211719505,0.012069164147453619,0.009433150990863488
