Dataset,nTrees,BaggingRecall,SARecall,BaggingRecallSTD,SARecallSTD
digits,10,0.9278714226789723,0.9330041147069542,0.016488329836681585,0.020490839541095155
digits,20,0.9372288735361484,0.9502535161502579,0.012054785872908556,0.014761519079585752
digits,30,0.9384599559499474,0.9531910453711946,0.011895358623728461,0.012220400357044877
digits,40,0.9373143321809875,0.9533560351351728,0.01021547442543273,0.011347054134196346
