Iteration,Accuracy
1,0.8805555555555555
2,0.8666666666666667
3,0.875
4,0.8611111111111112
5,0.875
