Iteration,Accuracy
1,0.8361111111111111
2,0.85
3,0.8388888888888889
4,0.8361111111111111
5,0.8277777777777777
6,0.8416666666666667
7,0.8361111111111111
8,0.85
9,0.825
10,0.8416666666666667
