Iteration,Accuracy
1,0.9222222222222223
2,0.9166666666666666
3,0.9361111111111111
4,0.9111111111111111
5,0.9472222222222222
6,0.9222222222222223
7,0.9333333333333333
8,0.9277777777777778
9,0.9527777777777777
10,0.9555555555555556
