Iteration,Accuracy
1,0.8611111111111112
2,0.8472222222222222
3,0.8666666666666667
4,0.8555555555555555
5,0.8527777777777777
6,0.8416666666666667
7,0.8527777777777777
8,0.8555555555555555
9,0.8555555555555555
10,0.8611111111111112
