Iteration,Accuracy
1,0.8722222222222222
2,0.8888888888888888
3,0.875
4,0.8666666666666667
5,0.8694444444444445
