Dataset,nTrees,K,DT,Bagging,RF,BaggingCustom,BaggingSA
digits,10,1,0.85,0.9444444444444444,0.9583333333333334,0.9222222222222223,0.9416666666666667
digits,10,2,0.875,0.9416666666666667,0.9555555555555556,0.9361111111111111,0.9638888888888889
digits,10,3,0.8328690807799443,0.9108635097493036,0.9415041782729805,0.8941504178272981,0.9164345403899722
digits,10,4,0.8551532033426184,0.9108635097493036,0.9526462395543176,0.9303621169916435,0.958217270194986
digits,10,5,0.871866295264624,0.9331476323119777,0.9387186629526463,0.9303621169916435,0.9192200557103064
digits,20,1,0.85,0.9444444444444444,0.9638888888888889,0.9444444444444444,0.9361111111111111
digits,20,2,0.8777777777777778,0.9555555555555556,0.9777777777777777,0.9583333333333334,0.9722222222222222
digits,20,3,0.8384401114206128,0.924791086350975,0.9498607242339833,0.9220055710306406,0.924791086350975
digits,20,4,0.8690807799442897,0.9192200557103064,0.9693593314763231,0.9387186629526463,0.9554317548746518
