Iteration,Accuracy
1,0.8527777777777777
2,0.8555555555555555
3,0.8888888888888888
4,0.7972222222222223
5,0.8
