Iteration,Accuracy
1,0.7388888888888889
2,0.6833333333333333
3,0.75
4,0.7361111111111112
5,0.7555555555555555
