Iteration,Accuracy
1,0.9083333333333333
2,0.8972222222222223
3,0.8861111111111111
4,0.9055555555555556
5,0.9305555555555556
