Iteration,Accuracy
1,0.8527777777777777
2,0.8555555555555555
3,0.8305555555555556
4,0.8694444444444445
5,0.8611111111111112
6,0.85
7,0.8388888888888889
8,0.8333333333333334
9,0.8611111111111112
10,0.8527777777777777
