Iteration,Accuracy
1,0.9222222222222223
2,0.9027777777777778
3,0.9111111111111111
4,0.9
5,0.9055555555555556
