Iteration,Accuracy
1,0.875
2,0.8777777777777778
3,0.8583333333333333
4,0.8722222222222222
5,0.875
