Iteration,Accuracy
1,0.7527777777777778
2,0.7472222222222222
3,0.7805555555555556
4,0.8
5,0.6611111111111111
6,0.7027777777777777
7,0.7833333333333333
8,0.6888888888888889
9,0.8222222222222222
10,0.6972222222222222
