Iteration,Accuracy
1,0.8472222222222222
2,0.8472222222222222
3,0.8472222222222222
4,0.85
5,0.8666666666666667
6,0.8555555555555555
7,0.8444444444444444
8,0.8416666666666667
9,0.8444444444444444
10,0.8638888888888889
