Dataset,nTrees,K,DT,Bagging,RF,BaggingCustom,BaggingSA
digits,10,1,0.8833333333333333,0.9333333333333333,0.95,0.9333333333333333,0.9777777777777777
digits,10,2,0.8333333333333334,0.9555555555555556,0.9611111111111111,0.9555555555555556,0.9555555555555556
