Iteration,Accuracy
1,0.9277777777777778
2,0.9277777777777778
3,0.9083333333333333
4,0.9305555555555556
5,0.9277777777777778
6,0.9083333333333333
7,0.9055555555555556
8,0.9083333333333333
9,0.9083333333333333
10,0.8888888888888888
