Iteration,Accuracy
1,0.8666666666666667
2,0.8388888888888889
3,0.8722222222222222
4,0.8583333333333333
5,0.8555555555555555
6,0.8666666666666667
7,0.8416666666666667
8,0.8722222222222222
9,0.8583333333333333
10,0.8666666666666667
