Iteration,Accuracy
1,0.9166666666666666
2,0.925
3,0.9055555555555556
4,0.9083333333333333
5,0.9
