Iteration,Accuracy
1,0.8805555555555555
2,0.875
3,0.8722222222222222
4,0.8583333333333333
5,0.8638888888888889
