Trees_n,Bagging,bagging_std,Bagging SA,bagging_sa_std,Decision Tree,dt_std
5,0.748125,0.03340085457145067,0.749236111111111,0.03602602017252741,0.8270833333333332,0.010689101229299806
10,0.8474999999999999,0.0255889785154173,0.843611111111111,0.026726547203472364,0.828263888888889,0.008366210075962591
15,0.8847222222222222,0.018490006540840983,0.8806944444444446,0.022212871964509252,0.8256249999999999,0.009276781852819053
20,0.9027083333333333,0.018559294495097224,0.9020138888888887,0.013608094613122122,0.8266666666666665,0.007569452612452811
25,0.9129861111111112,0.011791616540553,0.9092361111111111,0.01569316801404959,0.829375,0.010654571950597507
30,0.9189583333333333,0.01665345511502411,0.9202777777777778,0.010224606435692243,0.8278472222222222,0.01097652643767192
