Iteration,Accuracy
1,0.9277777777777778
2,0.9444444444444444
3,0.9527777777777777
4,0.9222222222222223
5,0.9166666666666666
