Iteration,Accuracy
1,0.7638888888888888
2,0.7333333333333333
3,0.7638888888888888
4,0.7638888888888888
5,0.7638888888888888
