Iteration,Accuracy
1,0.9083333333333333
2,0.9
3,0.8805555555555555
4,0.8888888888888888
5,0.925
