Dataset,nTrees,Rep,K,DT,Bagging,RF,BaggingCustom,BaggingSA
digits,10,0,1,0.85,0.9444444444444444,0.9583333333333334,0.9277777777777778,0.9305555555555556
digits,10,0,2,0.875,0.9416666666666667,0.9555555555555556,0.9388888888888889,0.95
digits,10,0,3,0.8328690807799443,0.9108635097493036,0.9415041782729805,0.8997214484679665,0.8969359331476323
digits,10,0,4,0.8774373259052924,0.9108635097493036,0.9526462395543176,0.935933147632312,0.9331476323119777
digits,10,0,5,0.8607242339832869,0.9331476323119777,0.9387186629526463,0.9303621169916435,0.9275766016713092
digits,10,1,1,0.85,0.9444444444444444,0.9583333333333334,0.9277777777777778,0.9222222222222223
