Iteration,Accuracy
1,0.8416666666666667
2,0.8583333333333333
3,0.8416666666666667
4,0.8611111111111112
5,0.8361111111111111
