Iteration,Accuracy
1,0.8916666666666667
2,0.875
3,0.8694444444444445
4,0.8527777777777777
5,0.8611111111111112
6,0.8194444444444444
7,0.8722222222222222
8,0.8333333333333334
9,0.8527777777777777
10,0.8722222222222222
