Iteration,Accuracy
1,0.8694444444444445
2,0.8555555555555555
3,0.8777777777777778
4,0.8805555555555555
5,0.875
