Iteration,Accuracy
1,0.9138888888888889
2,0.9166666666666666
3,0.9388888888888889
4,0.9138888888888889
5,0.9083333333333333
