Iteration,Accuracy
1,0.9305555555555556
2,0.9222222222222223
3,0.9166666666666666
4,0.9472222222222222
5,0.925
6,0.9277777777777778
7,0.9333333333333333
8,0.9166666666666666
9,0.9361111111111111
10,0.9083333333333333
