n_trees,decision_tree_mean,decision_tree_std,bagging_mean,bagging_std,bagging_ga_mean,bagging_ga_std,bagging_sa_mean,bagging_sa_std
5,0.8777777777777778,0.0,0.7055555555555556,0.0,0.8166666666666667,0.0,0.8083333333333333,0.0
10,0.8611111111111112,0.0,0.8416666666666667,0.0,0.8944444444444445,0.0,0.8722222222222222,0.0
15,0.8638888888888889,0.0,0.8333333333333334,0.0,0.9138888888888889,0.0,0.9111111111111111,0.0
20,0.8555555555555555,0.0,0.8916666666666667,0.0,0.925,0.0,0.925,0.0
25,0.8638888888888889,0.0,0.8916666666666667,0.0,0.9361111111111111,0.0,0.9055555555555556,0.0
