Iteration,T,BestFitness,Fitness,NewFitness,Accuracy
1,1.0,0.6984306100980409,0.6984306100980409,0.798832246096292,0.7207792207792207
2,0.995,0.798832246096292,0.798832246096292,0.7914544928183682,0.7207792207792207
3,0.990025,0.798832246096292,0.7914544928183682,0.7618514067873083,0.6948051948051948
4,0.985074875,0.798832246096292,0.7618514067873083,0.7846323562607018,0.6883116883116883
5,0.9801495006250001,0.798832246096292,0.7846323562607018,0.7590668844689102,0.6753246753246753
