TreesAmount,DecisionTreeMean,DecisionTreeStd,BaggingMean,BaggingStd,BaggingSAMean,BaggingSAStd,BaggingGAMean,BaggingGAStd
5,0.8537037037037036,0.004243125643477612,0.7620370370370372,0.03159022612820739,0.8527777777777779,0.024216105241892615,0.8083333333333332,0.022737091032979048
