dataset,fadr,fmc,accuracyMean,accuracyStd,correlationMean,correlationStd,fitnessMean,fitnessStd,accFitnessDifferenceMean,accFitnessDifferenceStd
digits,0.25,0.1,0.875,0.027498597046143575,0.2612256848438627,0.16772990196708454,0.9827055405272509,0.003167767917086735,0.1215492328533713,0.04660641288753655
