fitness_accuracy_disagreement_ratio,rep,accuracy,correlation,best_fitness
0.0,0,0.8611111111111112,0.4178712900567315,0.8305394088669951
