TreesAmount,DecisionTreeMean,DecisionTreeStd,BaggingMean,BaggingStd,BaggingSAMean,BaggingSAStd
5,0.8547222222222223,0.00818279670195768,0.7155555555555556,0.06062092971360273,0.8227777777777778,0.019056986232870998
10,0.85,0.007290748031492412,0.8538888888888889,0.025965578142712786,0.8744444444444444,0.013405156348780648
15,0.8497222222222222,0.008224599256000883,0.8755555555555556,0.03196255525253893,0.8977777777777778,0.019676742902428865
20,0.8462962962962962,0.007590333900710832,0.8972222222222223,0.01703301079639542,0.9263888888888889,0.010504261333993872
