n_trees,decision_tree_mean,decision_tree_std,bagging_mean,bagging_std,bagging_nmax_mean,bagging_nmax_std,bagging_ga_mean,bagging_ga_std,bagging_sga_mean,bagging_sga_std,bagging_sa_mean,bagging_sa_std
5,0.8633333333333333,0.012957670877434,0.7116666666666667,0.05309553467542384,0.8472222222222223,0.010540925533894597,0.29055555555555557,0.2059200971730372,0.8438888888888888,0.021111111111111098,0.7388888888888889,0.03162277660168379
10,0.8622222222222223,0.004843221048378557,0.8372222222222222,0.023346557099389664,0.903888888888889,0.014550889837454223,0.28944444444444445,0.13293226716761053,0.8983333333333332,0.010628403594282767,0.8177777777777777,0.034676636742949435
15,0.8627777777777779,0.008888888888888901,0.8777777777777779,0.009296222517045292,0.9133333333333333,0.010153148268053922,0.21999999999999997,0.08246585526113592,0.9116666666666667,0.008314794192830979,0.8583333333333334,0.019164653678511504
20,0.8672222222222222,0.01183737541814585,0.905,0.005665577237325296,0.931111111111111,0.014635488747021651,0.3672222222222222,0.2654393050988456,0.9305555555555556,0.010971343143406377,0.888888888888889,0.011520245196293192
25,0.8705555555555555,0.007973722274670742,0.9088888888888889,0.011303883305208807,0.9416666666666667,0.009128709291752737,0.34500000000000003,0.17099382704907476,0.9355555555555556,0.008854098583616247,0.8994444444444444,0.012957670877433988
