dataset,test_split_amount,fmc,accuracyMean,accuracyStd,fitnessMean,fitnessStd,accFitnessDifferenceMean,accFitnessDifferenceStd,correlationMean,correlationStd
digits,1,0.25,0.9321015165583411,0.008330979049224814,0.9638888888888889,0.005810139073153289,0.01849206147477562,0.013182351245983,0.35175333296253175,0.14666462920110276
digits,1,0.5,0.9404410399257195,0.014876978123861215,0.976388888888889,0.007527598398846788,0.022832402120086644,0.01206190428072354,0.2787500616386037,0.15930517839307648
digits,1,0.75,0.9426787372330547,0.010553472531979103,0.9722222222222221,0.012276159395599786,0.025777061474775542,0.018980099556450487,0.429995757500869,0.1522905848101346
digits,5,0.25,0.9430555555555555,0.0019641855032958406,0.9653357531760437,0.009667642622393223,0.016619223885864,0.0037959595938383077,0.23558604229929583,0.23410791484033183
