TreesAmount,DecisionTree,Bagging,BaggingSA,BaggingGA
5,0.85,0.7361111111111112,0.8416666666666667,0.8027777777777778
5,0.8583333333333333,0.7972222222222223,0.8805555555555555,0.7888888888888889
5,0.8527777777777777,0.7527777777777778,0.8361111111111111,0.8333333333333334
