fitness_accuracy_disagreement_ratio,fitnessDisagreementRatio,accuracyMean,accuracyStd,correlationMean,correlationStd,bestFitnessMean,bestFitnessStd
0.8,0.8,0.8761111111111111,0.014941587225143929,0.43644296889390793,0.05087145891626307,0.8236751231527094,0.008678652153289213
0.9,0.9,0.8813888888888888,0.016617726499711206,0.47112720185778756,0.10854701814264817,0.8716464285714285,0.011702270673730178
1.0,1.0,0.8822222222222222,0.010573409202681624,0.6484763468888174,0.07873452127842365,0.9364162561576356,0.013464702481075114
