dataset,kCrossIndex,fadr,fmc,accuracy,correlation,fitness,accFitnessDifference
digits,0,0.25,0.1,0.8555555555555555,0.14262273375518245,0.9849454907026481,0.15450494345292856
digits,1,0.25,0.1,0.8944444444444445,0.37982863593254307,0.9804655903518535,0.08859352225381412
