n_trees,rep,accuracy_fitted,accuracy_init,fitness
5,0,0.7583333333333333,0.7888888888888889,0.8996713615023473
