dataset,k_cross,T0,alpha,cooling_method,max_iterations,feature_mutation_chance,test_split_amount,n_trees,theta,beta,gamma,fitness,accuracy,spearman_corr,spearman_p
digits,1,2,0.995,geometric,2000,0.25,5,10,0.5,0.5,0,0.5969083988707401,0.95,0.22454269440796865,2.8221690350650043e-24
digits,2,2,0.995,geometric,2000,0.25,5,10,0.5,0.5,0,0.6191624795545697,0.9444444444444444,0.2675803465905103,3.882515750762281e-34
