TreesAmount,DecisionTreeMean,DecisionTreeStd,BaggingMean,BaggingStd,BaggingSAMean,BaggingSAStd
5,0.8533333333333333,0.006252571487457097,0.7108333333333333,0.04404624860826293,0.841388888888889,0.020262762917295517
10,0.8491666666666667,0.006553829025624571,0.8238888888888889,0.04241508906652516,0.8736111111111111,0.02050669869476865
15,0.8544444444444445,0.005885277252618795,0.8797222222222223,0.019904177171173223,0.9122222222222222,0.014236393402801886
20,0.8530555555555555,0.008119689358664387,0.9147222222222222,0.01635773351709174,0.9211111111111112,0.01007516333980409
25,0.8533333333333333,0.0072671914334624076,0.9191666666666667,0.015573732765890578,0.9211111111111112,0.011653431646335033
