n_trees,rep,accuracy_fitted,accuracy_init,accuracy_control,fitness
5,0,0.48333333333333334,0.825,0.7027777777777777,0.7555555555555555
