Dataset,nTrees,Rep,K,BaggingAccuracy,BaggingPrecision,BaggingRecall,BaggingF1,SAAccuracy,SAPrecision,SARecall,SAF1
obesity,10,0,1,0.9456264775413712,0.945776135786877,0.9452782468339436,0.945315917147039,0.9550827423167849,0.9551552102796139,0.9546537434174491,0.9545983549892355
obesity,10,0,2,0.933649289099526,0.9335874836635277,0.9322509654042223,0.9311129345283057,0.9454976303317536,0.9468072762653128,0.9437059519556641,0.9442532644131398
obesity,10,0,3,0.9502369668246445,0.9557887426720443,0.9500965594563489,0.9521520539866132,0.95260663507109,0.9606946048859796,0.9531489492297941,0.9550672090857233
obesity,10,0,4,0.95260663507109,0.9541460151513709,0.9531387306332346,0.9531328806477608,0.919431279620853,0.9238084837975362,0.9220408369302987,0.9186397512883795
obesity,10,0,5,0.9691943127962085,0.9668432523424129,0.9643374862219848,0.9650936292509372,0.957345971563981,0.9529570069694316,0.9519664985470456,0.9511045860786362
obesity,10,1,1,0.9550827423167849,0.9551154840201495,0.9553463380731774,0.9551354820506228,0.9621749408983451,0.9616949018625196,0.9620523152360114,0.9617896825027555
obesity,10,1,2,0.9454976303317536,0.9440599186069419,0.9445538537726844,0.9432619819010564,0.9620853080568721,0.963212959990365,0.9596622361086695,0.9607252963810161
obesity,10,1,3,0.943127962085308,0.9446412527582855,0.9467958520345403,0.9449736813905719,0.957345971563981,0.961734693877551,0.9580746907426746,0.9589466005738506
obesity,10,1,4,0.9454976303317536,0.9500134799772088,0.9433396852897589,0.9455039784643435,0.95260663507109,0.9531641421901789,0.9519968141995677,0.951790544449704
