Dataset,nTrees,Rep,K,BaggingAccuracy,BaggingPrecision,BaggingRecall,BaggingF1,SAAccuracy,SAPrecision,SARecall,SAF1
digits,10,0,1,0.9333333333333333,0.9334359047090282,0.9293818195009903,0.9302884083130845,0.9388888888888889,0.9376246813485902,0.9387471093054158,0.9377589440990036
