Dataset,nTrees,Rep,K,BaggingAccuracy,BaggingPrecision,BaggingRecall,BaggingF1,SAAccuracy,SAPrecision,SARecall,SAF1
students_dropout,10,0,1,0.7288135593220338,0.6659498705142435,0.6510988460031262,0.655563836108091,0.7389830508474576,0.6713075052095312,0.6504760422612098,0.6556454773538282
students_dropout,10,0,2,0.7389830508474576,0.685005052229361,0.6592315464998785,0.6647569185807796,0.7310734463276836,0.6667377095765842,0.6335668559661308,0.6317250736301476
