dataset,fold,rep,beta,gamma,delta,fitness,spearman_corr,spearman_p,accuracy,precision,recall,f1
obesity,1,1,0.25,0.25,0.05,0.3496194060986587,-0.7460043871928399,0.0,0.9015151515151515,0.907602712309863,0.9017640690674733,0.9021292919811532
