dataset,fold,rep,beta,gamma,delta,fitness,spearman_corr,spearman_p,accuracy,precision,recall,f1
students_dropout,1,1,0.25,0.25,0.05,0.28093640002377535,-0.018721033117552455,0.4027162624632149,0.7423146473779385,0.6670558470468032,0.6446199294919656,0.6478403047183509
