dataset,fold,rep,beta,gamma,delta,epsilon,fitness,spearman_corr,spearman_p,accuracy,precision,recall,f1
digits,1,1,0.25,0.25,0.01,0.1,0.3172273524636909,0.1313941115939076,3.678522589080267e-09,0.9444444444444444,0.9442253796887539,0.9462504437581384,0.944499446663613
