dataset,fold,rep,beta,gamma,delta,fitness,spearman_corr,spearman_p,accuracy,precision,recall,f1
students_dropout,1,1,0.25,0.25,0.01,0.2957862804747791,-0.43901589325397333,5.215965916475626e-95,0.7540687160940326,0.6932205209121598,0.6495545715814975,0.6575295107704727
students_dropout,1,2,0.25,0.25,0.01,0.28635401165956503,-0.10281612770403192,4.077016885567804e-06,0.7631103074141049,0.7095063927187414,0.6631206614377894,0.6754988488411923
students_dropout,1,3,0.25,0.25,0.01,0.2985863400631082,-0.31746637723564425,4.5467510536902914e-48,0.7540687160940326,0.6936611020458557,0.6460624712040461,0.6539264425548975
students_dropout,2,1,0.25,0.25,0.01,0.2825892359236133,-0.1886229263679324,1.7900385291036294e-17,0.7468354430379747,0.6888324770319061,0.6563016588522819,0.6594257488530973
