Dataset,Beta,Gamma,Delta,FI,FitnessNorm,SpearmanCorr
breast cancer,0.5,0.5,0.01,0.9591262978008923,0.555725528592727,0.11290975770833327
digits,0.75,0.25,0.01,0.9533058875376018,0.8087760401518463,0.38096824180472616
obesity,0.75,0.25,0.05,0.9523113559502893,0.8157746143923239,0.0158281313039938
pima,0.75,0.25,0.05,0.7107732753338273,0.6918729764831913,0.1536242629486836
students dropout,0.75,0.5,0.05,0.6777481463043822,0.5848608069345826,-0.1280832225970938
wine,0.75,0.25,0.01,0.9755652764416265,0.8575820337881742,0.10410581815293747
