Dataset,Beta,Gamma,Delta,FI,FitnessNorm,SpearmanCorr
breast cancer,0.5,0.75,0.05,0.9532664762986846,0.48189137153569445,0.1209434347881912
digits,0.25,0.5,0.01,0.9401395466375296,0.5510493827160493,0.4281564063285969
obesity,0.25,0.25,0.05,0.9021292919811532,0.6992388121973174,-0.7460043871928399
pima,0.75,0.25,0.01,0.6930388740066215,0.7167219341718029,0.04663892772035074
students dropout,0.25,0.25,0.05,0.6478403047183509,0.5618728000475506,-0.0187210331175524
wine,0.75,0.5,0.01,0.9698198111988986,0.7785733882030179,0.1405009008888505
