Dataset,nTrees,BaggingF1,SAF1,BaggingF1STD,SAF1STD
breast_cancer,10,0.9500044064510988,0.9513618271788671,0.019398830324253408,0.016084227240846582
breast_cancer,20,0.9570073252616471,0.9566095535175027,0.015417336368753934,0.01909517215323075
breast_cancer,30,0.9559871892121352,0.9542168398743983,0.015749318250323826,0.014865700065175885
breast_cancer,40,0.9545692378163656,0.9558650228791621,0.01363549102072849,0.017260964413570678
breast_cancer,50,0.9545689800348424,0.9552899265061968,0.018501674167931144,0.0136742262850727
