Dataset,nTrees,BaggingAccuracy,SAAccuracy,BaggingAccuracySTD,SAAccuracySTD,BaggingFI,SAFI,BaggingFISTD,SAFISTD
students dropout,10,0.7515508495879882,0.7604048964218455,0.013359495369851803,0.010912434461472416,0.6796876388454377,0.6813367725193471,0.01800836483142078,0.014544031550099368
