Dataset,nTrees,BaggingAccuracy,SAAccuracy,BaggingAccuracySTD,SAAccuracySTD,BaggingF1,SAF1,BaggingF1STD,SAF1STD
obesity,10,0.9489466273776045,0.9515752349438612,0.00978111243622045,0.013105435549251157,0.9484091710408057,0.95076836552916,0.009456487964583224,0.013212184684240078
