Dataset,nTrees,BaggingAccuracy,SAAccuracy,BaggingAccuracySTD,SAAccuracySTD,BaggingF1,SAF1,BaggingF1STD,SAF1STD
students dropout,10,0.7338983050847457,0.7350282485875705,0.00719091641884629,0.005592934992435973,0.6601603773444353,0.643685275491988,0.006500490956445245,0.016914279681734493
