Dataset,nTrees,BaggingRecall,SARecall,BaggingRecallSTD,SARecallSTD
digits,10,0.9284311358712474,0.9327613741875581,0.015843632086564505,0.020515235874037644
digits,20,0.9377765397709688,0.9505756731662024,0.012198648984862063,0.014433998514852492
digits,30,0.9389990714948933,0.9536898792943361,0.011940355140470352,0.012035010670396126
digits,40,0.9383348808418447,0.9533574744661095,0.011045263178248811,0.010491949578409536
digits,50,0.9418932219127205,0.9565908387496131,0.012346168421669365,0.009282424499107322
