Dataset,nTrees,BaggingAccuracy,SAAccuracy,BaggingAccuracySTD,SAAccuracySTD,BaggingFI,SAFI,BaggingFISTD,SAFISTD
breast cancer,10,0.948469322945336,0.9584480106138233,0.015726890863563193,0.014944072164916633,0.9431302722497733,0.9548626167960683,0.01843484373280602,0.014701672527842193
