Dataset,nTrees,BaggingAccuracy,SAAccuracy,BaggingAccuracySTD,SAAccuracySTD,BaggingFI,SAFI,BaggingFISTD,SAFISTD
wine,10,0.9556150793650794,0.9684523809523811,0.039189607328112795,0.027684738657606883,0.9563681012455868,0.9696845983483939,0.0414537065187793,0.028181499384447566
wine,20,0.9457936507936507,0.9613293650793651,0.04716038778978739,0.03398446711576362,0.9443557496793442,0.9619124190557542,0.05556139153578183,0.03549197634864976
wine,30,0.9444642857142856,0.9677976190476191,0.04614685602509207,0.03190785349003085,0.9436117020013229,0.9676331753490952,0.05342809779429564,0.033733366694903795
wine,40,0.9507539682539683,0.9586706349206349,0.03837990153797247,0.0413223998860463,0.9511296294770922,0.9577041548520301,0.04162439195717822,0.0470644890318355
wine,50,0.9458531746031745,0.9650396825396825,0.04440172066375003,0.03923308759517959,0.9455823824643279,0.9648309951724745,0.04963360511918029,0.04148826233384343
