Dataset,nTrees,BaggingAccuracy,SAAccuracy,BaggingAccuracySTD,SAAccuracySTD,BaggingFI,SAFI,BaggingFISTD,SAFISTD
pima,10,0.7499915117562177,0.7466036414565826,0.022441704650684832,0.02892643089030217,0.7173988232296258,0.7057470348554513,0.02735611775416656,0.030372140885197345
pima,20,0.7607142857142858,0.7421791443850267,0.0252914476261415,0.027589414796775947,0.7279583966870572,0.7010757361566704,0.028789639540253747,0.029629046365147547
pima,30,0.7584415584415585,0.7423648247177659,0.02148989307747742,0.028606471053867294,0.7252003563880625,0.702321077026811,0.027248046287736485,0.027992937636070487
pima,40,0.763163144045497,0.75,0.026187812432907145,0.02619005472694212,0.7324555081547554,0.7118828018620413,0.027122395825256385,0.0279818547198242
pima,50,0.7649488583312113,0.7433377896613191,0.026740042370937318,0.028877518540692808,0.7329800125549272,0.7026642078812545,0.028068185509450817,0.030866982304159643
