Dataset,nTrees,BaggingAccuracy,SAAccuracy,BaggingAccuracySTD,SAAccuracySTD
breast_cancer,10,0.9500729700357087,0.9514733736997362,0.01929779231208628,0.015972410781093786
breast_cancer,20,0.9570936190032604,0.9567396367023754,0.015354536838902973,0.019039798726975365
breast_cancer,30,0.9560440925322155,0.9542928116752057,0.015690819894974527,0.0148318512097577
breast_cancer,40,0.9546436888681882,0.9560409874243131,0.013615024038298314,0.01707799819312604
breast_cancer,50,0.9546405837602857,0.9553516534699581,0.01843431348225226,0.013689182440123873
