Dataset,nTrees,BaggingAccuracy,SAAccuracy,BaggingAccuracySTD,SAAccuracySTD
wine,10,0.9494920634920635,0.9527936507936507,0.031100311266612016,0.03421233328867205
wine,20,0.9506349206349206,0.9594920634920635,0.03885445511505379,0.036425516580653544
wine,30,0.9606666666666667,0.9684761904761905,0.037921284940201014,0.026067451960908542
wine,40,0.9584761904761905,0.9627301587301588,0.04193584004691067,0.025591884854788652
wine,50,0.9652063492063492,0.9684126984126984,0.039782070945644336,0.023541257658148157
