Dataset,nTrees,BaggingPrecision,SAPrecision,BaggingPrecisionSTD,SAPrecisionSTD
wine,10,0.9544366582276799,0.9587296140678494,0.026595267339539368,0.030076816136791067
wine,20,0.9600672845672845,0.9644955231670771,0.026947464160104895,0.03219686968806509
wine,30,0.9674456716123382,0.9718801426968093,0.028010785700232202,0.023264209507601784
wine,40,0.9667523587523587,0.9664833375774552,0.029224915270323962,0.023572841726587603
wine,50,0.9717507677507677,0.9717195070361737,0.02949814552019157,0.021078018673079197
