Dataset,nTrees,BaggingAccuracy,SAAccuracy,BaggingAccuracySTD,SAAccuracySTD,BaggingF1,SAF1,BaggingF1STD,SAF1STD
breast cancer,10,0.9500729700357087,0.9514733736997362,0.01929779231208628,0.015972410781093786,0.9500044064510988,0.9513618271788671,0.019398830324253408,0.016084227240846582
breast cancer,20,0.9570936190032604,0.9567396367023754,0.015354536838902973,0.019039798726975365,0.9570073252616471,0.9566095535175027,0.015417336368753934,0.01909517215323075
breast cancer,30,0.9560440925322155,0.9542928116752057,0.015690819894974527,0.0148318512097577,0.9559871892121352,0.9542168398743983,0.015749318250323826,0.014865700065175885
breast cancer,40,0.9546436888681882,0.9560409874243131,0.013615024038298314,0.01707799819312604,0.9545692378163656,0.9558650228791621,0.01363549102072849,0.017260964413570678
breast cancer,50,0.9546405837602857,0.9553516534699581,0.01843431348225226,0.013689182440123873,0.9545689800348424,0.9552899265061968,0.018501674167931144,0.0136742262850727
