Iteration,Accuracy
1,0.8333333333333334
2,0.8305555555555556
