Iteration,Accuracy
1,0.9027777777777778
2,0.8805555555555555
