Iteration,Accuracy
1,0.7805555555555556
2,0.7444444444444445
