Iteration,Accuracy
1,0.7333333333333333
2,0.6888888888888889
