Iteration,Accuracy
1,0.8555555555555555
2,0.8861111111111111
