Iteration,Accuracy
1,0.8388888888888889
2,0.8472222222222222
