Iteration,Accuracy
1,0.8361111111111111
2,0.8416666666666667
