Iteration,Accuracy
1,0.8583333333333333
2,0.8916666666666667
